tlb:dtlb_bsize,tlb:dtlb_assoc,cache:il2lat,tlb:itlb_bsize,float_exec_time,decode:width,cache:dl1_assoc,cache:dl1_bsize,tlb:itlb_assoc,res:fpmult,cache:il1lat,cache:dl1lat,tlb:dtlb,mcf_execution_time,mem:width,res:imult,cache:dl1,bpred:btb,cache:dl2,cache:il1,cache:il2,cache:dl2_bsize,cache:dl2_assoc,cache:il1_repl,cache:il1_assoc,tlb:dtlb_repl,cache:dl1_nsets,config,tlb:itlb,lsq:size,cache:dl2lat,cache:dl2_repl,mcf_ipc,cache:il1_bsize,issue:inorder,bpred ,tlb:dtlb_nsets,ruu:size,res:fpalu,issue:width,cache:dl1_repl,tlb:itlb_repl,cache:dl2_nsets,res:ialu,milc_execution_time,bpred:ras,int_exec_time,tlb:itlb_nsets,milc_ipc,cache:il1_nsets
4096,4,2,4096,0.000625108313109,4,2,32,4,4,1,1,32:4096:4:r,0.000315831030399,8,4,128:32:2:l,512,64:256:4:l,128:32:2:l,not found,256,4,l,2,r,128,b3yl4rx3gllz0qi14ty4e5zmsschub49.cfg,16:4096:4:r,16,2,l,1.2665,32,false,bimod,32,32,4,4,l,r,64,4,0.000397535599284,16,0.000299117003217,16,1.0062,128
4096,4,2,4096,0.000831173699548,4,2,32,4,4,1,1,32:4096:4:r,0.00032605151614,8,4,128:32:2:l,512,32:512:4:l,128:32:2:l,not found,512,4,l,2,r,128,s25to6net5ghsvo95lladd7x6si6hma4.cfg,16:4096:4:r,16,2,l,1.2268,32,false,bimod,32,32,4,4,l,r,32,4,0.000557181111575,16,0.00029957883213,16,0.7179,128
4096,4,2,4096,0.000884973646076,1,1,8,4,1,1,1,32:4096:4:r,0.000784436774396,8,1,1024:8:1:r,512,2048:16:2:r,1024:8:1:r,not found,16,2,r,1,r,1024,base.cfg,16:4096:4:r,2,2,r,0.3187,8,true,bimod,32,4,1,1,r,r,2048,1,0.000594954783436,0,0.000733587603554,16,0.4202,1024
4096,4,2,4096,0.000471932675794,4,2,32,4,4,1,1,32:4096:4:r,0.000313381385146,8,4,128:32:2:l,512,256:64:4:l,128:32:2:l,not found,64,4,l,2,r,128,mt9pzly4mkdf0f8erfqgbr5ki427b3j6.cfg,16:4096:4:r,16,2,l,1.2764,32,false,bimod,32,32,4,4,l,r,256,4,0.000280249646185,16,0.000321621334508,16,1.4273,128
4096,4,2,4096,0.00121447446761,4,2,32,4,4,1,1,32:4096:4:r,0.000373866716516,8,4,128:32:2:l,512,16:1024:4:l,128:32:2:l,not found,1024,4,l,2,r,128,qejnd6ybqc3fwzogwwgik0w6322piamg.cfg,16:4096:4:r,16,2,l,1.0699,32,false,bimod,32,32,4,4,l,r,16,4,0.000888692112864,16,0.00031509812356,16,0.4501,128
4096,4,2,4096,0.000517406273388,4,2,32,4,4,1,1,32:4096:4:r,0.000314366551399,8,4,128:32:2:l,512,128:128:4:l,128:32:2:l,not found,128,4,l,2,r,128,1uchg9cwhxoklc8fw4qnx8trbtfr397w.cfg,16:4096:4:r,16,2,l,1.2724,32,false,bimod,32,32,4,4,l,r,128,4,0.00031811700334,16,0.00030618912069,16,1.2574,128
